#sample_name	library	order	tag_sequence	primer_sequence_F	primer_sequence_R	library_tag_combo	date_PCR	sample_type	locus	tag_number	R1	R2	SAMPLING_cruise	SAMPLING_station_number	SAMPLING_bottle	depth	SAMPLING_station	SAMPLING_project	SAMPLING_platform	SAMPLING_platform_type	SAMPLING_dec_lat	SAMPLING_dec_lon	temp	salinity	chlorophyll	pressure_dbar	nitrate	diss_oxygen	SAMPLING_real_depth	SAMPLING_transmiss_%	SAMPLING_sig_t	SAMPLING_fluor	SAMPLING_date_time	description	SAMPLING_PI	SAMPLING_institute	env_biome	env_feature	env_material	samp_collection_device	project_name	samp_vol_we_dna_ext	samp_filter_size_ext	samp_filter_ext_type	samp_store_temp	seq_meth	sequencing_facility	geo_loc_name	investigation_type
14213c01_12_edna_1	S1	1	ACGAGACTGATT	GTACACACCGCCCGTC	TGATCCTTCTGCAGGTTCACCTAC	S1_ACGAGACTGATT	20170124	environmental	18S	1	14213c01_12_edna_1_S1_L001_R1_001.fastq.gz	14213c01_12_edna_1_S1_L001_R2_001.fastq.gz	14213	1.0	12.0	0.0	C1	PTLO	FULMAR	ship	36.7983	-121.8477	12.4766	33.8537	17.391	2.005	4.922602609	6.38689	1.99	58.3623	25.6076	3.3526	2013-05-22 15:47	M2W	Francisco Chavez	MBARI	marine biome  (ENVO:00000447)	coastal water (ENVO:00001250)	waterborne particulate matter (ENVO:01000436)	CTD/SBE911 Rosette with Niskin bottle	MBON	100ml	0.22um	Poretics	-80C	NGS Illumina Miseq	Stanford	USA:California:Monterey Bay	eukaryote
14213c01_12_edna_2	S2	2	GAATACCAAGTC	GTACACACCGCCCGTC	TGATCCTTCTGCAGGTTCACCTAC	S2_GAATACCAAGTC	20170124	environmental	18S	2	14213c01_12_edna_2_S2_L001_R1_001.fastq.gz	14213c01_12_edna_2_S2_L001_R2_001.fastq.gz	14213	1.0	12.0	0.0	C1	PTLO	FULMAR	ship	36.7983	-121.8477	12.4766	33.8537	17.391	2.005	4.922602609	6.38689	1.99	58.3623	25.6076	3.3526	2013-05-22 15:47	M2W	Francisco Chavez	MBARI	marine biome  (ENVO:00000447)	coastal water (ENVO:00001250)	waterborne particulate matter (ENVO:01000436)	CTD/SBE911 Rosette with Niskin bottle	MBON	100ml	0.22um	Poretics	-80C	NGS Illumina Miseq	Stanford	USA:California:Monterey Bay	eukaryote
14213c01_12_edna_3	S3	3	CGAGGGAAAGTC	GTACACACCGCCCGTC	TGATCCTTCTGCAGGTTCACCTAC	S3_CGAGGGAAAGTC	20170124	environmental	18S	3	14213c01_12_edna_3_S3_L001_R1_001.fastq.gz	14213c01_12_edna_3_S3_L001_R2_001.fastq.gz	14213	1.0	12.0	0.0	C1	PTLO	FULMAR	ship	36.7983	-121.8477	12.4766	33.8537	17.391	2.005	4.922602609	6.38689	1.99	58.3623	25.6076	3.3526	2013-05-22 15:47	M2W	Francisco Chavez	MBARI	marine biome  (ENVO:00000447)	coastal water (ENVO:00001250)	waterborne particulate matter (ENVO:01000436)	CTD/SBE911 Rosette with Niskin bottle	MBON	100ml	0.22um	Poretics	-80C	NGS Illumina Miseq	Stanford	USA:California:Monterey Bay	eukaryote
22013c01_12_edna_1	S4	4	GAACACTTTGGA	GTACACACCGCCCGTC	TGATCCTTCTGCAGGTTCACCTAC	S4_GAACACTTTGGA	20170124	environmental	18S	4	22013c01_12_edna_1_S4_L001_R1_001.fastq.gz	22013c01_12_edna_1_S4_L001_R2_001.fastq.gz	22013	1.0	12.0	0.0	C1	PTLO	RACHEL CARSON	ship	36.7962	-121.84700000000001	14.1847	33.7795	8.308928571000001	0.9540000000000001	Nan	6.4955300000000005	0.9470000000000001	67.1824	25.2053	0.9249	2013-08-08 14:41	M2W	Francisco Chavez	MBARI	marine biome  (ENVO:00000447)	coastal water (ENVO:00001250)	waterborne particulate matter (ENVO:01000436)	CTD/SBE911 Rosette with Niskin bottle	MBON	100ml	0.22um	Poretics	-80C	NGS Illumina Miseq	Stanford	USA:California:Monterey Bay	eukaryote
22013c01_12_edna_2	S5	5	ACTCACAGGAAT	GTACACACCGCCCGTC	TGATCCTTCTGCAGGTTCACCTAC	S5_ACTCACAGGAAT	20170124	environmental	18S	5	22013c01_12_edna_2_S5_L001_R1_001.fastq.gz	22013c01_12_edna_2_S5_L001_R2_001.fastq.gz	22013	1.0	12.0	0.0	C1	PTLO	RACHEL CARSON	ship	36.7962	-121.84700000000001	14.1847	33.7795	8.308928571000001	0.9540000000000001	Nan	6.4955300000000005	0.9470000000000001	67.1824	25.2053	0.9249	2013-08-08 14:41	M2W	Francisco Chavez	MBARI	marine biome  (ENVO:00000447)	coastal water (ENVO:00001250)	waterborne particulate matter (ENVO:01000436)	CTD/SBE911 Rosette with Niskin bottle	MBON	100ml	0.22um	Poretics	-80C	NGS Illumina Miseq	Stanford	USA:California:Monterey Bay	eukaryote
22013c01_12_edna_3	S6	6	TCTCTACCACTC	GTACACACCGCCCGTC	TGATCCTTCTGCAGGTTCACCTAC	S6_TCTCTACCACTC	20170124	environmental	18S	6	22013c01_12_edna_3_S6_L001_R1_001.fastq.gz	22013c01_12_edna_3_S6_L001_R2_001.fastq.gz	22013	1.0	12.0	0.0	C1	PTLO	RACHEL CARSON	ship	36.7962	-121.84700000000001	14.1847	33.7795	8.308928571000001	0.9540000000000001	Nan	6.4955300000000005	0.9470000000000001	67.1824	25.2053	0.9249	2013-08-08 14:41	M2W	Francisco Chavez	MBARI	marine biome  (ENVO:00000447)	coastal water (ENVO:00001250)	waterborne particulate matter (ENVO:01000436)	CTD/SBE911 Rosette with Niskin bottle	MBON	100ml	0.22um	Poretics	-80C	NGS Illumina Miseq	Stanford	USA:California:Monterey Bay	eukaryote
CN13Dc01_12_edna_1	S7	7	ATTCTGCCGAAG	GTACACACCGCCCGTC	TGATCCTTCTGCAGGTTCACCTAC	S7_ATTCTGCCGAAG	20170124	environmental	18S	7	CN13Dc01_12_edna_1_S7_L001_R1_001.fastq.gz	CN13Dc01_12_edna_1_S7_L001_R2_001.fastq.gz	CN13ID	1.0	12.0	0.0	C1	CANON	WESTERN FLYER	ship	36.7962	-121.8498	13.1291	33.745	14.3895	0.682	5.949	6.19646	0.677	72.1492	25.395	0.9976	2013-10-07 17:31	M2W	Francisco Chavez	MBARI	marine biome  (ENVO:00000447)	coastal water (ENVO:00001250)	waterborne particulate matter (ENVO:01000436)	CTD/SBE911 Rosette with Niskin bottle	MBON	100ml	0.22um	Poretics	-80C	NGS Illumina Miseq	Stanford	USA:California:Monterey Bay	eukaryote
CN13Dc01_12_edna_2	S8	8	CTCACAACCGTG	GTACACACCGCCCGTC	TGATCCTTCTGCAGGTTCACCTAC	S8_CTCACAACCGTG	20170124	environmental	18S	8	CN13Dc01_12_edna_2_S8_L001_R1_001.fastq.gz	CN13Dc01_12_edna_2_S8_L001_R2_001.fastq.gz	CN13ID	1.0	12.0	0.0	C1	CANON	WESTERN FLYER	ship	36.7962	-121.8498	13.1291	33.745	14.3895	0.682	5.949	6.19646	0.677	72.1492	25.395	0.9976	2013-10-07 17:31	M2W	Francisco Chavez	MBARI	marine biome  (ENVO:00000447)	coastal water (ENVO:00001250)	waterborne particulate matter (ENVO:01000436)	CTD/SBE911 Rosette with Niskin bottle	MBON	100ml	0.22um	Poretics	-80C	NGS Illumina Miseq	Stanford	USA:California:Monterey Bay	eukaryote
CN13Dc01_12_edna_3	S9	9	GCTGTACGGATT	GTACACACCGCCCGTC	TGATCCTTCTGCAGGTTCACCTAC	S9_GCTGTACGGATT	20170124	environmental	18S	9	CN13Dc01_12_edna_3_S9_L001_R1_001.fastq.gz	CN13Dc01_12_edna_3_S9_L001_R2_001.fastq.gz	CN13ID	1.0	12.0	0.0	C1	CANON	WESTERN FLYER	ship	36.7962	-121.8498	13.1291	33.745	14.3895	0.682	5.949	6.19646	0.677	72.1492	25.395	0.9976	2013-10-07 17:31	M2W	Francisco Chavez	MBARI	marine biome  (ENVO:00000447)	coastal water (ENVO:00001250)	waterborne particulate matter (ENVO:01000436)	CTD/SBE911 Rosette with Niskin bottle	MBON	100ml	0.22um	Poretics	-80C	NGS Illumina Miseq	Stanford	USA:California:Monterey Bay	eukaryote
05114c01_12_edna_1	S10	10	GTAGATCGTGTA	GTACACACCGCCCGTC	TGATCCTTCTGCAGGTTCACCTAC	S10_GTAGATCGTGTA	20170124	environmental	18S	10	05114c01_12_edna_1_S10_L001_R1_001.fastq.gz	05114c01_12_edna_1_S10_L001_R2_001.fastq.gz	5114	1.0	12.0	0.0	C1	PTLO	RACHEL CARSON	ship	36.7958	-121.848	12.8183	33.4756	3.38955	1.464	3.823	5.88844	1.454	83.9717	25.25	0.1225	2014-02-20 15:33	M2W	Francisco Chavez	MBARI	marine biome  (ENVO:00000447)	coastal water (ENVO:00001250)	waterborne particulate matter (ENVO:01000436)	CTD/SBE911 Rosette with Niskin bottle	MBON	100ml	0.22um	Poretics	-80C	NGS Illumina Miseq	Stanford	USA:California:Monterey Bay	eukaryote
05114c01_12_edna_2	S11	11	CAAATTCGGGAT	GTACACACCGCCCGTC	TGATCCTTCTGCAGGTTCACCTAC	S11_CAAATTCGGGAT	20170124	environmental	18S	11	05114c01_12_edna_2_S11_L001_R1_001.fastq.gz	05114c01_12_edna_2_S11_L001_R2_001.fastq.gz	5114	1.0	12.0	0.0	C1	PTLO	RACHEL CARSON	ship	36.7958	-121.848	12.8183	33.4756	3.38955	1.464	3.823	5.88844	1.454	83.9717	25.25	0.1225	2014-02-20 15:33	M2W	Francisco Chavez	MBARI	marine biome  (ENVO:00000447)	coastal water (ENVO:00001250)	waterborne particulate matter (ENVO:01000436)	CTD/SBE911 Rosette with Niskin bottle	MBON	100ml	0.22um	Poretics	-80C	NGS Illumina Miseq	Stanford	USA:California:Monterey Bay	eukaryote
05114c01_12_edna_3	S12	12	GAGCCATCTGTA	GTACACACCGCCCGTC	TGATCCTTCTGCAGGTTCACCTAC	S12_GAGCCATCTGTA	20170124	environmental	18S	12	05114c01_12_edna_3_S12_L001_R1_001.fastq.gz	05114c01_12_edna_3_S12_L001_R2_001.fastq.gz	5114	1.0	12.0	0.0	C1	PTLO	RACHEL CARSON	ship	36.7958	-121.848	12.8183	33.4756	3.38955	1.464	3.823	5.88844	1.454	83.9717	25.25	0.1225	2014-02-20 15:33	M2W	Francisco Chavez	MBARI	marine biome  (ENVO:00000447)	coastal water (ENVO:00001250)	waterborne particulate matter (ENVO:01000436)	CTD/SBE911 Rosette with Niskin bottle	MBON	100ml	0.22um	Poretics	-80C	NGS Illumina Miseq	Stanford	USA:California:Monterey Bay	eukaryote
14714c01_12_edna_1	S13	13	ATGATGAGCCTC	GTACACACCGCCCGTC	TGATCCTTCTGCAGGTTCACCTAC	S13_ATGATGAGCCTC	20170124	environmental	18S	13	14714c01_12_edna_1_S13_L001_R1_001.fastq.gz	14714c01_12_edna_1_S13_L001_R2_001.fastq.gz	14714	1.0	12.0	0.0	C1	PTLO	RACHEL CARSON	ship	36.7968	-121.8488	11.6571	33.7476	19.2045	1.416	6.260589271000001	6.18361	1.406	64.581	25.68	0.6062	2014-05-27 14:54	M2W	Francisco Chavez	MBARI	marine biome  (ENVO:00000447)	coastal water (ENVO:00001250)	waterborne particulate matter (ENVO:01000436)	CTD/SBE911 Rosette with Niskin bottle	MBON	100ml	0.22um	Poretics	-80C	NGS Illumina Miseq	Stanford	USA:California:Monterey Bay	eukaryote
14714c01_12_edna_2	S14	14	ACTTCCAACTTC	GTACACACCGCCCGTC	TGATCCTTCTGCAGGTTCACCTAC	S14_ACTTCCAACTTC	20170124	environmental	18S	14	14714c01_12_edna_2_S14_L001_R1_001.fastq.gz	14714c01_12_edna_2_S14_L001_R2_001.fastq.gz	14714	1.0	12.0	0.0	C1	PTLO	RACHEL CARSON	ship	36.7968	-121.8488	11.6571	33.7476	19.2045	1.416	6.260589271000001	6.18361	1.406	64.581	25.68	0.6062	2014-05-27 14:54	M2W	Francisco Chavez	MBARI	marine biome  (ENVO:00000447)	coastal water (ENVO:00001250)	waterborne particulate matter (ENVO:01000436)	CTD/SBE911 Rosette with Niskin bottle	MBON	100ml	0.22um	Poretics	-80C	NGS Illumina Miseq	Stanford	USA:California:Monterey Bay	eukaryote
14714c01_12_edna_3	S15	15	AGCATGTCCCGT	GTACACACCGCCCGTC	TGATCCTTCTGCAGGTTCACCTAC	S15_AGCATGTCCCGT	20170124	environmental	18S	15	14714c01_12_edna_3_S15_L001_R1_001.fastq.gz	14714c01_12_edna_3_S15_L001_R2_001.fastq.gz	14714	1.0	12.0	0.0	C1	PTLO	RACHEL CARSON	ship	36.7968	-121.8488	11.6571	33.7476	19.2045	1.416	6.260589271000001	6.18361	1.406	64.581	25.68	0.6062	2014-05-27 14:54	M2W	Francisco Chavez	MBARI	marine biome  (ENVO:00000447)	coastal water (ENVO:00001250)	waterborne particulate matter (ENVO:01000436)	CTD/SBE911 Rosette with Niskin bottle	MBON	100ml	0.22um	Poretics	-80C	NGS Illumina Miseq	Stanford	USA:California:Monterey Bay	eukaryote
19114c01_12_edna_1	S16	16	CTGCTATTCCTC	GTACACACCGCCCGTC	TGATCCTTCTGCAGGTTCACCTAC	S16_CTGCTATTCCTC	20170124	environmental	18S	16	19114c01_12_edna_1_S16_L001_R1_001.fastq.gz	19114c01_12_edna_1_S16_L001_R2_001.fastq.gz	19114	1.0	12.0	0.0	C1	PTLO	RACHEL CARSON	ship	36.7978	-121.8447	13.5638	33.6587	7.947025	1.08	0.16627376	6.60745	1.072	76.7167	25.24	0.3016	2014-07-10 14:43	M2W	Francisco Chavez	MBARI	marine biome  (ENVO:00000447)	coastal water (ENVO:00001250)	waterborne particulate matter (ENVO:01000436)	CTD/SBE911 Rosette with Niskin bottle	MBON	100ml	0.22um	Poretics	-80C	NGS Illumina Miseq	Stanford	USA:California:Monterey Bay	eukaryote
19114c01_12_edna_2	S17	17	ATCACCAGGTGT	GTACACACCGCCCGTC	TGATCCTTCTGCAGGTTCACCTAC	S17_ATCACCAGGTGT	20170124	environmental	18S	17	19114c01_12_edna_2_S17_L001_R1_001.fastq.gz	19114c01_12_edna_2_S17_L001_R2_001.fastq.gz	19114	1.0	12.0	0.0	C1	PTLO	RACHEL CARSON	ship	36.7978	-121.8447	13.5638	33.6587	7.947025	1.08	0.16627376	6.60745	1.072	76.7167	25.24	0.3016	2014-07-10 14:43	M2W	Francisco Chavez	MBARI	marine biome  (ENVO:00000447)	coastal water (ENVO:00001250)	waterborne particulate matter (ENVO:01000436)	CTD/SBE911 Rosette with Niskin bottle	MBON	100ml	0.22um	Poretics	-80C	NGS Illumina Miseq	Stanford	USA:California:Monterey Bay	eukaryote
19114c01_12_edna_3	S18	18	TAACGTGTGTGC	GTACACACCGCCCGTC	TGATCCTTCTGCAGGTTCACCTAC	S18_TAACGTGTGTGC	20170124	environmental	18S	18	19114c01_12_edna_3_S18_L001_R1_001.fastq.gz	19114c01_12_edna_3_S18_L001_R2_001.fastq.gz	19114	1.0	12.0	0.0	C1	PTLO	RACHEL CARSON	ship	36.7978	-121.8447	13.5638	33.6587	7.947025	1.08	0.16627376	6.60745	1.072	76.7167	25.24	0.3016	2014-07-10 14:43	M2W	Francisco Chavez	MBARI	marine biome  (ENVO:00000447)	coastal water (ENVO:00001250)	waterborne particulate matter (ENVO:01000436)	CTD/SBE911 Rosette with Niskin bottle	MBON	100ml	0.22um	Poretics	-80C	NGS Illumina Miseq	Stanford	USA:California:Monterey Bay	eukaryote
30214c01_12_edna_1	S19	19	AGATTGACCAAC	GTACACACCGCCCGTC	TGATCCTTCTGCAGGTTCACCTAC	S19_AGATTGACCAAC	20170124	environmental	18S	19	30214c01_12_edna_1_S19_L001_R1_001.fastq.gz	30214c01_12_edna_1_S19_L001_R2_001.fastq.gz	30214	1.0	12.0	0.0	C1	PTLO	RACHEL CARSON	ship	36.7962	-121.8483	16.4754	33.3852	1.886189286	1.196	0.30751107899999996	5.6339999999999995	1.187	82.6706	24.3973	0.0961	2014-10-29 14:49	M2W	Francisco Chavez	MBARI	marine biome  (ENVO:00000447)	coastal water (ENVO:00001250)	waterborne particulate matter (ENVO:01000436)	CTD/SBE911 Rosette with Niskin bottle	MBON	100ml	0.22um	Poretics	-80C	NGS Illumina Miseq	Stanford	USA:California:Monterey Bay	eukaryote
30214c01_12_edna_2	S20	20	TTGGGTACACGT	GTACACACCGCCCGTC	TGATCCTTCTGCAGGTTCACCTAC	S20_TTGGGTACACGT	20170124	environmental	18S	20	30214c01_12_edna_2_S20_L001_R1_001.fastq.gz	30214c01_12_edna_2_S20_L001_R2_001.fastq.gz	30214	1.0	12.0	0.0	C1	PTLO	RACHEL CARSON	ship	36.7962	-121.8483	16.4754	33.3852	1.886189286	1.196	0.30751107899999996	5.6339999999999995	1.187	82.6706	24.3973	0.0961	2014-10-29 14:49	M2W	Francisco Chavez	MBARI	marine biome  (ENVO:00000447)	coastal water (ENVO:00001250)	waterborne particulate matter (ENVO:01000436)	CTD/SBE911 Rosette with Niskin bottle	MBON	100ml	0.22um	Poretics	-80C	NGS Illumina Miseq	Stanford	USA:California:Monterey Bay	eukaryote
30214c01_12_edna_3	S21	21	GTCGACAGAGGA	GTACACACCGCCCGTC	TGATCCTTCTGCAGGTTCACCTAC	S21_GTCGACAGAGGA	20170124	environmental	18S	21	30214c01_12_edna_3_S21_L001_R1_001.fastq.gz	30214c01_12_edna_3_S21_L001_R2_001.fastq.gz	30214	1.0	12.0	0.0	C1	PTLO	RACHEL CARSON	ship	36.7962	-121.8483	16.4754	33.3852	1.886189286	1.196	0.30751107899999996	5.6339999999999995	1.187	82.6706	24.3973	0.0961	2014-10-29 14:49	M2W	Francisco Chavez	MBARI	marine biome  (ENVO:00000447)	coastal water (ENVO:00001250)	waterborne particulate matter (ENVO:01000436)	CTD/SBE911 Rosette with Niskin bottle	MBON	100ml	0.22um	Poretics	-80C	NGS Illumina Miseq	Stanford	USA:California:Monterey Bay	eukaryote
32414c01_12_edna_1	S22	22	CTCACCTAGGAA	GTACACACCGCCCGTC	TGATCCTTCTGCAGGTTCACCTAC	S22_CTCACCTAGGAA	20170124	environmental	18S	22	32414c01_12_edna_1_S22_L001_R1_001.fastq.gz	32414c01_12_edna_1_S22_L001_R2_001.fastq.gz	32414	1.0	12.0	0.0	C1	PTLO	RACHEL CARSON	ship	36.7955	-121.84700000000001	15.2048	33.2899	1.439225	1.186	0.14150675699999998	5.7111	1.177	87.2525	24.61	0.0918	2014-11-20 16:21	M2W	Francisco Chavez	MBARI	marine biome  (ENVO:00000447)	coastal water (ENVO:00001250)	waterborne particulate matter (ENVO:01000436)	CTD/SBE911 Rosette with Niskin bottle	MBON	100ml	0.22um	Poretics	-80C	NGS Illumina Miseq	Stanford	USA:California:Monterey Bay	eukaryote
32414c01_12_edna_2	S23	23	GTACGATATGAC	GTACACACCGCCCGTC	TGATCCTTCTGCAGGTTCACCTAC	S23_GTACGATATGAC	20170124	environmental	18S	23	32414c01_12_edna_2_S23_L001_R1_001.fastq.gz	32414c01_12_edna_2_S23_L001_R2_001.fastq.gz	32414	1.0	12.0	0.0	C1	PTLO	RACHEL CARSON	ship	36.7955	-121.84700000000001	15.2048	33.2899	1.439225	1.186	0.14150675699999998	5.7111	1.177	87.2525	24.61	0.0918	2014-11-20 16:21	M2W	Francisco Chavez	MBARI	marine biome  (ENVO:00000447)	coastal water (ENVO:00001250)	waterborne particulate matter (ENVO:01000436)	CTD/SBE911 Rosette with Niskin bottle	MBON	100ml	0.22um	Poretics	-80C	NGS Illumina Miseq	Stanford	USA:California:Monterey Bay	eukaryote
32414c01_12_edna_3	S24	24	ATGTCACCGCTG	GTACACACCGCCCGTC	TGATCCTTCTGCAGGTTCACCTAC	S24_ATGTCACCGCTG	20170124	environmental	18S	24	32414c01_12_edna_3_S24_L001_R1_001.fastq.gz	32414c01_12_edna_3_S24_L001_R2_001.fastq.gz	32414	1.0	12.0	0.0	C1	PTLO	RACHEL CARSON	ship	36.7955	-121.84700000000001	15.2048	33.2899	1.439225	1.186	0.14150675699999998	5.7111	1.177	87.2525	24.61	0.0918	2014-11-20 16:21	M2W	Francisco Chavez	MBARI	marine biome  (ENVO:00000447)	coastal water (ENVO:00001250)	waterborne particulate matter (ENVO:01000436)	CTD/SBE911 Rosette with Niskin bottle	MBON	100ml	0.22um	Poretics	-80C	NGS Illumina Miseq	Stanford	USA:California:Monterey Bay	eukaryote
12015c01_12_edna_1	S25	25	TGGTCAACGATA	GTACACACCGCCCGTC	TGATCCTTCTGCAGGTTCACCTAC	S25_TGGTCAACGATA	20170124	environmental	18S	25	12015c01_12_edna_1_S25_L001_R1_001.fastq.gz	12015c01_12_edna_1_S25_L001_R2_001.fastq.gz	12015	1.0	12.0	0.0	C1	PTLO	RACHEL CARSON	ship	36.7975	-121.846	11.5828	33.6071	11.12946429	0.48100000000000004	3.8989999999999996	6.28836	0.47700000000000004	76.5791	Nan	0.7707	2015-04-30 14:47	M2W	Francisco Chavez	MBARI	marine biome  (ENVO:00000447)	coastal water (ENVO:00001250)	waterborne particulate matter (ENVO:01000436)	CTD/SBE911 Rosette with Niskin bottle	MBON	1000ml	0.22um	Poretics	-80C	NGS Illumina Miseq	Stanford	USA:California:Monterey Bay	eukaryote
12015c01_12_edna_2	S26	26	CATTATGGCGTG	GTACACACCGCCCGTC	TGATCCTTCTGCAGGTTCACCTAC	S26_CATTATGGCGTG	20170124	environmental	18S	26	12015c01_12_edna_2_S26_L001_R1_001.fastq.gz	12015c01_12_edna_2_S26_L001_R2_001.fastq.gz	12015	1.0	12.0	0.0	C1	PTLO	RACHEL CARSON	ship	36.7975	-121.846	11.5828	33.6071	11.12946429	0.48100000000000004	3.8989999999999996	6.28836	0.47700000000000004	76.5791	Nan	0.7707	2015-04-30 14:47	M2W	Francisco Chavez	MBARI	marine biome  (ENVO:00000447)	coastal water (ENVO:00001250)	waterborne particulate matter (ENVO:01000436)	CTD/SBE911 Rosette with Niskin bottle	MBON	1000ml	0.22um	Poretics	-80C	NGS Illumina Miseq	Stanford	USA:California:Monterey Bay	eukaryote
12015c01_12_edna_3	S27	27	AGTTACGAGCTA	GTACACACCGCCCGTC	TGATCCTTCTGCAGGTTCACCTAC	S27_AGTTACGAGCTA	20170124	environmental	18S	27	12015c01_12_edna_3_S27_L001_R1_001.fastq.gz	12015c01_12_edna_3_S27_L001_R2_001.fastq.gz	12015	1.0	12.0	0.0	C1	PTLO	RACHEL CARSON	ship	36.7975	-121.846	11.5828	33.6071	11.12946429	0.48100000000000004	3.8989999999999996	6.28836	0.47700000000000004	76.5791	Nan	0.7707	2015-04-30 14:47	M2W	Francisco Chavez	MBARI	marine biome  (ENVO:00000447)	coastal water (ENVO:00001250)	waterborne particulate matter (ENVO:01000436)	CTD/SBE911 Rosette with Niskin bottle	MBON	1000ml	0.22um	Poretics	-80C	NGS Illumina Miseq	Stanford	USA:California:Monterey Bay	eukaryote
18815c01_12_edna_1	S28	28	AAGGCGCTCCTT	GTACACACCGCCCGTC	TGATCCTTCTGCAGGTTCACCTAC	S28_AAGGCGCTCCTT	20170124	environmental	18S	28	18815c01_12_edna_1_S28_L001_R1_001.fastq.gz	18815c01_12_edna_1_S28_L001_R2_001.fastq.gz	18815	1.0	12.0	0.0	C1	PTLO	RACHEL CARSON	ship	36.7948	-121.8478	15.4837	33.4519	3.588139286	1.8030000000000002	0.632	6.72063	1.7890000000000001	83.6991	Nan	0.0877	2015-07-07 14:59	M2W	Francisco Chavez	MBARI	marine biome  (ENVO:00000447)	coastal water (ENVO:00001250)	waterborne particulate matter (ENVO:01000436)	CTD/SBE911 Rosette with Niskin bottle	MBON	1000ml	0.22um	Poretics	-80C	NGS Illumina Miseq	Stanford	USA:California:Monterey Bay	eukaryote
18815c01_12_edna_2	S29	29	TGTCGCAAATAG	GTACACACCGCCCGTC	TGATCCTTCTGCAGGTTCACCTAC	S29_TGTCGCAAATAG	20170124	environmental	18S	29	18815c01_12_edna_2_S29_L001_R1_001.fastq.gz	18815c01_12_edna_2_S29_L001_R2_001.fastq.gz	18815	1.0	12.0	0.0	C1	PTLO	RACHEL CARSON	ship	36.7948	-121.8478	15.4837	33.4519	3.588139286	1.8030000000000002	0.632	6.72063	1.7890000000000001	83.6991	Nan	0.0877	2015-07-07 14:59	M2W	Francisco Chavez	MBARI	marine biome  (ENVO:00000447)	coastal water (ENVO:00001250)	waterborne particulate matter (ENVO:01000436)	CTD/SBE911 Rosette with Niskin bottle	MBON	1000ml	0.22um	Poretics	-80C	NGS Illumina Miseq	Stanford	USA:California:Monterey Bay	eukaryote
18815c01_12_edna_3	S30	30	GTGTTGTCGTGC	GTACACACCGCCCGTC	TGATCCTTCTGCAGGTTCACCTAC	S30_GTGTTGTCGTGC	20170124	environmental	18S	30	18815c01_12_edna_3_S30_L001_R1_001.fastq.gz	18815c01_12_edna_3_S30_L001_R2_001.fastq.gz	18815	1.0	12.0	0.0	C1	PTLO	RACHEL CARSON	ship	36.7948	-121.8478	15.4837	33.4519	3.588139286	1.8030000000000002	0.632	6.72063	1.7890000000000001	83.6991	Nan	0.0877	2015-07-07 14:59	M2W	Francisco Chavez	MBARI	marine biome  (ENVO:00000447)	coastal water (ENVO:00001250)	waterborne particulate matter (ENVO:01000436)	CTD/SBE911 Rosette with Niskin bottle	MBON	1000ml	0.22um	Poretics	-80C	NGS Illumina Miseq	Stanford	USA:California:Monterey Bay	eukaryote
EB_20161116	S31	31	GTGGTGGTTTCC	GTACACACCGCCCGTC	TGATCCTTCTGCAGGTTCACCTAC	S31_GTGGTGGTTTCC	20170124	blank	18S	31	EB_20161116_S31_L001_R1_001.fastq.gz	EB_20161116_S31_L001_R2_001.fastq.gz	Nan	Nan	Nan	Nan	Nan	Nan	Nan	Nan	Nan	Nan	Nan	Nan	Nan	Nan	Nan	Nan	Nan	Nan	Nan	Nan	2016-11-16 12:00	M2W	Francisco Chavez	MBARI	marine biome  (ENVO:00000447)	coastal water (ENVO:00001250)	waterborne particulate matter (ENVO:01000436)	Nan	MBON	Nan	Nan	Nan	Nan	NGS Illumina Miseq	Stanford	USA:California:Monterey Bay	eukaryote
pcrblank_1	S32	32	ATCGCACAGTAA	GTACACACCGCCCGTC	TGATCCTTCTGCAGGTTCACCTAC	S32_ATCGCACAGTAA	20170124	negative	18S	32	pcrblank_1_S32_L001_R1_001.fastq.gz	pcrblank_1_S32_L001_R2_001.fastq.gz	Nan	Nan	Nan	Nan	Nan	Nan	Nan	Nan	Nan	Nan	Nan	Nan	Nan	Nan	Nan	Nan	Nan	Nan	Nan	Nan	Nan	M2W	Francisco Chavez	MBARI	marine biome  (ENVO:00000447)	coastal water (ENVO:00001250)	waterborne particulate matter (ENVO:01000436)	Nan	MBON	Nan	Nan	Nan	Nan	NGS Illumina Miseq	Stanford	USA:California:Monterey Bay	eukaryote
28215c01_12_edna_1	S33	33	GCATATGCACTG	GTACACACCGCCCGTC	TGATCCTTCTGCAGGTTCACCTAC	S33_GCATATGCACTG	20170124	environmental	18S	33	28215c01_12_edna_1_S33_L001_R1_001.fastq.gz	28215c01_12_edna_1_S33_L001_R2_001.fastq.gz	28215	1.0	12.0	0.0	C1	PTLO	RACHEL CARSON	ship	36.7962	-121.8468	17.1052	33.3404	2.9565	1.3090000000000002	0.087	6.05326	1.3	75.0265	24.2161	0.1421	2015-10-09 14:49	M2W	Francisco Chavez	MBARI	marine biome  (ENVO:00000447)	coastal water (ENVO:00001250)	waterborne particulate matter (ENVO:01000436)	CTD/SBE911 Rosette with Niskin bottle	MBON	1000ml	0.22um	Poretics	-80C	NGS Illumina Miseq	Stanford	USA:California:Monterey Bay	eukaryote
28215c01_12_edna_2	S34	34	TAATACGGATCG	GTACACACCGCCCGTC	TGATCCTTCTGCAGGTTCACCTAC	S34_TAATACGGATCG	20170124	environmental	18S	34	28215c01_12_edna_2_S34_L001_R1_001.fastq.gz	28215c01_12_edna_2_S34_L001_R2_001.fastq.gz	28215	1.0	12.0	0.0	C1	PTLO	RACHEL CARSON	ship	36.7962	-121.8468	17.1052	33.3404	2.9565	1.3090000000000002	0.087	6.05326	1.3	75.0265	24.2161	0.1421	2015-10-09 14:49	M2W	Francisco Chavez	MBARI	marine biome  (ENVO:00000447)	coastal water (ENVO:00001250)	waterborne particulate matter (ENVO:01000436)	CTD/SBE911 Rosette with Niskin bottle	MBON	1000ml	0.22um	Poretics	-80C	NGS Illumina Miseq	Stanford	USA:California:Monterey Bay	eukaryote
28215c01_12_edna_3	S35	35	CATCCCTCTACT	GTACACACCGCCCGTC	TGATCCTTCTGCAGGTTCACCTAC	S35_CATCCCTCTACT	20170124	environmental	18S	35	28215c01_12_edna_3_S35_L001_R1_001.fastq.gz	28215c01_12_edna_3_S35_L001_R2_001.fastq.gz	28215	1.0	12.0	0.0	C1	PTLO	RACHEL CARSON	ship	36.7962	-121.8468	17.1052	33.3404	2.9565	1.3090000000000002	0.087	6.05326	1.3	75.0265	24.2161	0.1421	2015-10-09 14:49	M2W	Francisco Chavez	MBARI	marine biome  (ENVO:00000447)	coastal water (ENVO:00001250)	waterborne particulate matter (ENVO:01000436)	CTD/SBE911 Rosette with Niskin bottle	MBON	1000ml	0.22um	Poretics	-80C	NGS Illumina Miseq	Stanford	USA:California:Monterey Bay	eukaryote
34915c01_12_edna_1	S36	36	CCACAGATCGAT	GTACACACCGCCCGTC	TGATCCTTCTGCAGGTTCACCTAC	S36_CCACAGATCGAT	20170124	environmental	18S	36	34915c01_12_edna_1_S36_L001_R1_001.fastq.gz	34915c01_12_edna_1_S36_L001_R2_001.fastq.gz	34915	1.0	12.0	0.0	C1	PTLO	RACHEL CARSON	ship	36.7968	-121.8477	14.380999999999998	33.3602	0.467914286	1.984	1.8330000000000002	5.5023599999999995	1.969	69.9036	24.8404	0.0547	2015-12-15 15:53	M2W	Francisco Chavez	MBARI	marine biome  (ENVO:00000447)	coastal water (ENVO:00001250)	waterborne particulate matter (ENVO:01000436)	CTD/SBE911 Rosette with Niskin bottle	MBON	1000ml	0.22um	Poretics	-80C	NGS Illumina Miseq	Stanford	USA:California:Monterey Bay	eukaryote
34915c01_12_edna_2	S37	37	TAGTATGCGCAA	GTACACACCGCCCGTC	TGATCCTTCTGCAGGTTCACCTAC	S37_TAGTATGCGCAA	20170124	environmental	18S	37	34915c01_12_edna_2_S37_L001_R1_001.fastq.gz	34915c01_12_edna_2_S37_L001_R2_001.fastq.gz	34915	1.0	12.0	0.0	C1	PTLO	RACHEL CARSON	ship	36.7968	-121.8477	14.380999999999998	33.3602	0.467914286	1.984	1.8330000000000002	5.5023599999999995	1.969	69.9036	24.8404	0.0547	2015-12-15 15:53	M2W	Francisco Chavez	MBARI	marine biome  (ENVO:00000447)	coastal water (ENVO:00001250)	waterborne particulate matter (ENVO:01000436)	CTD/SBE911 Rosette with Niskin bottle	MBON	1000ml	0.22um	Poretics	-80C	NGS Illumina Miseq	Stanford	USA:California:Monterey Bay	eukaryote
34915c01_12_edna_3	S38	38	AGCAGAACATCT	GTACACACCGCCCGTC	TGATCCTTCTGCAGGTTCACCTAC	S38_AGCAGAACATCT	20170124	environmental	18S	38	34915c01_12_edna_3_S38_L001_R1_001.fastq.gz	34915c01_12_edna_3_S38_L001_R2_001.fastq.gz	34915	1.0	12.0	0.0	C1	PTLO	RACHEL CARSON	ship	36.7968	-121.8477	14.380999999999998	33.3602	0.467914286	1.984	1.8330000000000002	5.5023599999999995	1.969	69.9036	24.8404	0.0547	2015-12-15 15:53	M2W	Francisco Chavez	MBARI	marine biome  (ENVO:00000447)	coastal water (ENVO:00001250)	waterborne particulate matter (ENVO:01000436)	CTD/SBE911 Rosette with Niskin bottle	MBON	1000ml	0.22um	Poretics	-80C	NGS Illumina Miseq	Stanford	USA:California:Monterey Bay	eukaryote
11216c01_12_edna_1	S39	39	GTCGTGTAGCCT	GTACACACCGCCCGTC	TGATCCTTCTGCAGGTTCACCTAC	S39_GTCGTGTAGCCT	20170124	environmental	18S	39	11216c01_12_edna_1_S39_L001_R1_001.fastq.gz	11216c01_12_edna_1_S39_L001_R2_001.fastq.gz	11216	1.0	12.0	0.0	C1	PTLO	RACHEL CARSON	ship	36.7962	-121.846	13.5075	33.3014	11.99314286	2.5869999999999997	0.8859999999999999	7.1334800000000005	2.568	80.2225	24.9757	0.1832	2016-04-21 14:39	M2W	Francisco Chavez	MBARI	marine biome  (ENVO:00000447)	coastal water (ENVO:00001250)	waterborne particulate matter (ENVO:01000436)	CTD/SBE911 Rosette with Niskin bottle	MBON	1000ml	0.22um	Poretics	-80C	NGS Illumina Miseq	Stanford	USA:California:Monterey Bay	eukaryote
11216c01_12_edna_2	S40	40	GATCTGCGATCC	GTACACACCGCCCGTC	TGATCCTTCTGCAGGTTCACCTAC	S40_GATCTGCGATCC	20170124	environmental	18S	40	11216c01_12_edna_2_S40_L001_R1_001.fastq.gz	11216c01_12_edna_2_S40_L001_R2_001.fastq.gz	11216	1.0	12.0	0.0	C1	PTLO	RACHEL CARSON	ship	36.7962	-121.846	13.5075	33.3014	11.99314286	2.5869999999999997	0.8859999999999999	7.1334800000000005	2.568	80.2225	24.9757	0.1832	2016-04-21 14:39	M2W	Francisco Chavez	MBARI	marine biome  (ENVO:00000447)	coastal water (ENVO:00001250)	waterborne particulate matter (ENVO:01000436)	CTD/SBE911 Rosette with Niskin bottle	MBON	1000ml	0.22um	Poretics	-80C	NGS Illumina Miseq	Stanford	USA:California:Monterey Bay	eukaryote
11216c01_12_edna_3	S41	41	CAACTCCCGTGA	GTACACACCGCCCGTC	TGATCCTTCTGCAGGTTCACCTAC	S41_CAACTCCCGTGA	20170124	environmental	18S	41	11216c01_12_edna_3_S41_L001_R1_001.fastq.gz	11216c01_12_edna_3_S41_L001_R2_001.fastq.gz	11216	1.0	12.0	0.0	C1	PTLO	RACHEL CARSON	ship	36.7962	-121.846	13.5075	33.3014	11.99314286	2.5869999999999997	0.8859999999999999	7.1334800000000005	2.568	80.2225	24.9757	0.1832	2016-04-21 14:39	M2W	Francisco Chavez	MBARI	marine biome  (ENVO:00000447)	coastal water (ENVO:00001250)	waterborne particulate matter (ENVO:01000436)	CTD/SBE911 Rosette with Niskin bottle	MBON	1000ml	0.22um	Poretics	-80C	NGS Illumina Miseq	Stanford	USA:California:Monterey Bay	eukaryote
24416c01_12_edna_1	S42	42	TCGGAATTAGAC	GTACACACCGCCCGTC	TGATCCTTCTGCAGGTTCACCTAC	S42_TCGGAATTAGAC	20170124	environmental	18S	42	24416c01_12_edna_1_S42_L001_R1_001.fastq.gz	24416c01_12_edna_1_S42_L001_R2_001.fastq.gz	24416	1.0	12.0	0.0	C1	PTLO	RACHEL CARSON	ship	36.7933	-121.8383	15.2877	33.5295	6.034017857	2.003	2.8289999999999997	6.783239999999999	1.9880000000000002	71.6596	24.7756	0.1957	2016-08-31 14:42	M2W	Francisco Chavez	MBARI	marine biome  (ENVO:00000447)	coastal water (ENVO:00001250)	waterborne particulate matter (ENVO:01000436)	CTD/SBE911 Rosette with Niskin bottle	MBON	1000ml	0.22um	Poretics	-80C	NGS Illumina Miseq	Stanford	USA:California:Monterey Bay	eukaryote
24416c01_12_2	S43	43	TATACCGCTGCG	GTACACACCGCCCGTC	TGATCCTTCTGCAGGTTCACCTAC	S43_TATACCGCTGCG	20170124	environmental	18S	43	24416c01_12_2_S43_L001_R1_001.fastq.gz	24416c01_12_2_S43_L001_R2_001.fastq.gz	24416	1.0	12.0	0.0	C1	PTLO	RACHEL CARSON	ship	36.7933	-121.8383	15.2877	33.5295	6.034017857	2.003	2.8289999999999997	6.783239999999999	1.9880000000000002	71.6596	24.7756	0.1957	2016-08-31 14:42	M2W	Francisco Chavez	MBARI	marine biome  (ENVO:00000447)	coastal water (ENVO:00001250)	waterborne particulate matter (ENVO:01000436)	CTD/SBE911 Rosette with Niskin bottle	MBON	1000ml	0.22um	Poretics	-80C	NGS Illumina Miseq	Stanford	USA:California:Monterey Bay	eukaryote
24416c01_12_edna_3	S44	44	TATCGACACAAG	GTACACACCGCCCGTC	TGATCCTTCTGCAGGTTCACCTAC	S44_TATCGACACAAG	20170124	environmental	18S	44	24416c01_12_edna_3_S44_L001_R1_001.fastq.gz	24416c01_12_edna_3_S44_L001_R2_001.fastq.gz	24416	1.0	12.0	0.0	C1	PTLO	RACHEL CARSON	ship	36.7933	-121.8383	15.2877	33.5295	6.034017857	2.003	2.8289999999999997	6.783239999999999	1.9880000000000002	71.6596	24.7756	0.1957	2016-08-31 14:42	M2W	Francisco Chavez	MBARI	marine biome  (ENVO:00000447)	coastal water (ENVO:00001250)	waterborne particulate matter (ENVO:01000436)	CTD/SBE911 Rosette with Niskin bottle	MBON	1000ml	0.22um	Poretics	-80C	NGS Illumina Miseq	Stanford	USA:California:Monterey Bay	eukaryote
CANON16c14_12_edna_1	S45	45	TGCGCTGAATGT	GTACACACCGCCCGTC	TGATCCTTCTGCAGGTTCACCTAC	S45_TGCGCTGAATGT	20170124	environmental	18S	45	CANON16c14_12_edna_1_S45_L001_R1_001.fastq.gz	CANON16c14_12_edna_1_S45_L001_R2_001.fastq.gz	CANON16	14.0	12.0	0.0	C1	CANON	WESTERN FLYER	ship	36.7968	-121.85	14.1552	33.5373	16.262	2.988	0.073	6.792039999999999	2.966	76.453	25.0246	0.3566	2016-09-26 01:03	M2W	Francisco Chavez	MBARI	marine biome  (ENVO:00000447)	coastal water (ENVO:00001250)	waterborne particulate matter (ENVO:01000436)	CTD/SBE911 Rosette with Niskin bottle	MBON	1000ml	0.22um	Poretics	-80C	NGS Illumina Miseq	Stanford	USA:California:Monterey Bay	eukaryote
CANON16c14_12_edna_2	S46	46	AGCGGAGGTTAG	GTACACACCGCCCGTC	TGATCCTTCTGCAGGTTCACCTAC	S46_AGCGGAGGTTAG	20170124	environmental	18S	46	CANON16c14_12_edna_2_S46_L001_R1_001.fastq.gz	CANON16c14_12_edna_2_S46_L001_R2_001.fastq.gz	CANON16	14.0	12.0	0.0	C1	CANON	WESTERN FLYER	ship	36.7968	-121.85	14.1552	33.5373	16.262	2.988	0.073	6.792039999999999	2.966	76.453	25.0246	0.3566	2016-09-26 01:03	M2W	Francisco Chavez	MBARI	marine biome  (ENVO:00000447)	coastal water (ENVO:00001250)	waterborne particulate matter (ENVO:01000436)	CTD/SBE911 Rosette with Niskin bottle	MBON	1000ml	0.22um	Poretics	-80C	NGS Illumina Miseq	Stanford	USA:California:Monterey Bay	eukaryote
CANON16c14_12_edna_3	S47	47	CAGCTCATCAGC	GTACACACCGCCCGTC	TGATCCTTCTGCAGGTTCACCTAC	S47_CAGCTCATCAGC	20170124	environmental	18S	47	CANON16c14_12_edna_3_S47_L001_R1_001.fastq.gz	CANON16c14_12_edna_3_S47_L001_R2_001.fastq.gz	CANON16	14.0	12.0	0.0	C1	CANON	WESTERN FLYER	ship	36.7968	-121.85	14.1552	33.5373	16.262	2.988	0.073	6.792039999999999	2.966	76.453	25.0246	0.3566	2016-09-26 01:03	M2W	Francisco Chavez	MBARI	marine biome  (ENVO:00000447)	coastal water (ENVO:00001250)	waterborne particulate matter (ENVO:01000436)	CTD/SBE911 Rosette with Niskin bottle	MBON	1000ml	0.22um	Poretics	-80C	NGS Illumina Miseq	Stanford	USA:California:Monterey Bay	eukaryote
34916c01_12_edna_1	S48	48	TTGCGTTAGCAG	GTACACACCGCCCGTC	TGATCCTTCTGCAGGTTCACCTAC	S48_TTGCGTTAGCAG	20170124	environmental	18S	48	34916c01_12_edna_1_S48_L001_R1_001.fastq.gz	34916c01_12_edna_1_S48_L001_R2_001.fastq.gz	34916	1.0	12.0	0.0	C1	PTLO	RACHEL CARSON	ship	36.7952	-121.85	12.5131	33.2532	5.2603428569999995	2.541	6.062	5.91524	2.523	79.4316	25.135	0.1654	2016-12-14 15:49	M2W	Francisco Chavez	MBARI	marine biome  (ENVO:00000447)	coastal water (ENVO:00001250)	waterborne particulate matter (ENVO:01000436)	CTD/SBE911 Rosette with Niskin bottle	MBON	1000ml	0.22um	Poretics	-80C	NGS Illumina Miseq	Stanford	USA:California:Monterey Bay	eukaryote
34916c01_12_edna_2	S49	49	TGTGAATTCGGA	GTACACACCGCCCGTC	TGATCCTTCTGCAGGTTCACCTAC	S49_TGTGAATTCGGA	20170124	environmental	18S	49	34916c01_12_edna_2_S49_L001_R1_001.fastq.gz	34916c01_12_edna_2_S49_L001_R2_001.fastq.gz	34916	1.0	12.0	0.0	C1	PTLO	RACHEL CARSON	ship	36.7952	-121.85	12.5131	33.2532	5.2603428569999995	2.541	6.062	5.91524	2.523	79.4316	25.135	0.1654	2016-12-14 15:49	M2W	Francisco Chavez	MBARI	marine biome  (ENVO:00000447)	coastal water (ENVO:00001250)	waterborne particulate matter (ENVO:01000436)	CTD/SBE911 Rosette with Niskin bottle	MBON	1000ml	0.22um	Poretics	-80C	NGS Illumina Miseq	Stanford	USA:California:Monterey Bay	eukaryote
34916c01_12_edna_3	S50	50	GATTCCGGCTCA	GTACACACCGCCCGTC	TGATCCTTCTGCAGGTTCACCTAC	S50_GATTCCGGCTCA	20170124	environmental	18S	50	34916c01_12_edna_3_S50_L001_R1_001.fastq.gz	34916c01_12_edna_3_S50_L001_R2_001.fastq.gz	34916	1.0	12.0	0.0	C1	PTLO	RACHEL CARSON	ship	36.7952	-121.85	12.5131	33.2532	5.2603428569999995	2.541	6.062	5.91524	2.523	79.4316	25.135	0.1654	2016-12-14 15:49	M2W	Francisco Chavez	MBARI	marine biome  (ENVO:00000447)	coastal water (ENVO:00001250)	waterborne particulate matter (ENVO:01000436)	CTD/SBE911 Rosette with Niskin bottle	MBON	1000ml	0.22um	Poretics	-80C	NGS Illumina Miseq	Stanford	USA:California:Monterey Bay	eukaryote
JD10706C1_0m_1	S51	51	ATGGCTGTCAGT	GTACACACCGCCCGTC	TGATCCTTCTGCAGGTTCACCTAC	S51_ATGGCTGTCAGT	20170124	environmental	18S	51	JD10706C1_0m_1_S51_L001_R1_001.fastq.gz	JD10706C1_0m_1_S51_L001_R2_001.fastq.gz	10706	1.0	11.0	0.0	C1	PTLO	POINT LOBOS	ship	36.795	-121.84899999999999	12.9898	32.4097	4.1266	1.713	Nan	Nan	1.7009999999999998	67.2293	24.3889	0.2641	2006-04-17 14:46	M2W	Francisco Chavez	MBARI	marine biome  (ENVO:00000447)	coastal water (ENVO:00001250)	waterborne particulate matter (ENVO:01000436)	CTD/SBE911 Rosette with Niskin bottle	MBON	2000ml	0.22um	Poretics	-80C	NGS Illumina Miseq	Stanford	USA:California:Monterey Bay	eukaryote
JD10706C1_0m_2	S52	52	TTGGCTCTATTC	GTACACACCGCCCGTC	TGATCCTTCTGCAGGTTCACCTAC	S52_TTGGCTCTATTC	20170124	environmental	18S	52	JD10706C1_0m_2_S52_L001_R1_001.fastq.gz	JD10706C1_0m_2_S52_L001_R2_001.fastq.gz	10706	1.0	11.0	0.0	C1	PTLO	POINT LOBOS	ship	36.795	-121.84899999999999	12.9898	32.4097	4.1266	1.713	Nan	Nan	1.7009999999999998	67.2293	24.3889	0.2641	2006-04-17 14:46	M2W	Francisco Chavez	MBARI	marine biome  (ENVO:00000447)	coastal water (ENVO:00001250)	waterborne particulate matter (ENVO:01000436)	CTD/SBE911 Rosette with Niskin bottle	MBON	2000ml	0.22um	Poretics	-80C	NGS Illumina Miseq	Stanford	USA:California:Monterey Bay	eukaryote
JD10706C1_0m_3	S53	53	TACAGCGCATAC	GTACACACCGCCCGTC	TGATCCTTCTGCAGGTTCACCTAC	S53_TACAGCGCATAC	20170124	environmental	18S	53	JD10706C1_0m_3_S53_L001_R1_001.fastq.gz	JD10706C1_0m_3_S53_L001_R2_001.fastq.gz	10706	1.0	11.0	0.0	C1	PTLO	POINT LOBOS	ship	36.795	-121.84899999999999	12.9898	32.4097	4.1266	1.713	Nan	Nan	1.7009999999999998	67.2293	24.3889	0.2641	2006-04-17 14:46	M2W	Francisco Chavez	MBARI	marine biome  (ENVO:00000447)	coastal water (ENVO:00001250)	waterborne particulate matter (ENVO:01000436)	CTD/SBE911 Rosette with Niskin bottle	MBON	2000ml	0.22um	Poretics	-80C	NGS Illumina Miseq	Stanford	USA:California:Monterey Bay	eukaryote
JD15806C1_0m_1	S54	54	CAAACAACAGCT	GTACACACCGCCCGTC	TGATCCTTCTGCAGGTTCACCTAC	S54_CAAACAACAGCT	20170124	environmental	18S	54	JD15806C1_0m_1_S54_L001_R1_001.fastq.gz	JD15806C1_0m_1_S54_L001_R2_001.fastq.gz	15806	1.0	11.0	0.0	C1	PTLO	POINT LOBOS	ship	36.796	-121.84700000000001	11.703	33.7759	17.296	1.449	3.589	6.76768	1.439	52.0983	25.6941	1.1915	2006-06-07 14:38	M2W	Francisco Chavez	MBARI	marine biome  (ENVO:00000447)	coastal water (ENVO:00001250)	waterborne particulate matter (ENVO:01000436)	CTD/SBE911 Rosette with Niskin bottle	MBON	1200ml	0.22um	Poretics	-80C	NGS Illumina Miseq	Stanford	USA:California:Monterey Bay	eukaryote
JD15806C1_0m_2	S55	55	TACGAGCCCTAA	GTACACACCGCCCGTC	TGATCCTTCTGCAGGTTCACCTAC	S55_TACGAGCCCTAA	20170124	environmental	18S	55	JD15806C1_0m_2_S55_L001_R1_001.fastq.gz	JD15806C1_0m_2_S55_L001_R2_001.fastq.gz	15806	1.0	11.0	0.0	C1	PTLO	POINT LOBOS	ship	36.796	-121.84700000000001	11.703	33.7759	17.296	1.449	3.589	6.76768	1.439	52.0983	25.6941	1.1915	2006-06-07 14:38	M2W	Francisco Chavez	MBARI	marine biome  (ENVO:00000447)	coastal water (ENVO:00001250)	waterborne particulate matter (ENVO:01000436)	CTD/SBE911 Rosette with Niskin bottle	MBON	1200ml	0.22um	Poretics	-80C	NGS Illumina Miseq	Stanford	USA:California:Monterey Bay	eukaryote
JD15806C1_0m_3	S56	56	CATTCGTGGCGT	GTACACACCGCCCGTC	TGATCCTTCTGCAGGTTCACCTAC	S56_CATTCGTGGCGT	20170124	environmental	18S	56	JD15806C1_0m_3_S56_L001_R1_001.fastq.gz	JD15806C1_0m_3_S56_L001_R2_001.fastq.gz	15806	1.0	11.0	0.0	C1	PTLO	POINT LOBOS	ship	36.796	-121.84700000000001	11.703	33.7759	17.296	1.449	3.589	6.76768	1.439	52.0983	25.6941	1.1915	2006-06-07 14:38	M2W	Francisco Chavez	MBARI	marine biome  (ENVO:00000447)	coastal water (ENVO:00001250)	waterborne particulate matter (ENVO:01000436)	CTD/SBE911 Rosette with Niskin bottle	MBON	1200ml	0.22um	Poretics	-80C	NGS Illumina Miseq	Stanford	USA:California:Monterey Bay	eukaryote
JD27006C1_0m_1	S57	57	ACAATAGACACC	GTACACACCGCCCGTC	TGATCCTTCTGCAGGTTCACCTAC	S57_ACAATAGACACC	20170124	environmental	18S	57	JD27006C1_0m_1_S57_L001_R1_001.fastq.gz	JD27006C1_0m_1_S57_L001_R2_001.fastq.gz	27006	1.0	11.0	0.0	C1	PTLO	POINT LOBOS	ship	36.797	-121.84700000000001	14.1549	33.5075	5.8943107139999995	1.206	2.519	5.8423	1.197	78.7438	25.0016	0.4054	2006-09-27 14:36	M2W	Francisco Chavez	MBARI	marine biome  (ENVO:00000447)	coastal water (ENVO:00001250)	waterborne particulate matter (ENVO:01000436)	CTD/SBE911 Rosette with Niskin bottle	MBON	1374ml	0.22um	Poretics	-80C	NGS Illumina Miseq	Stanford	USA:California:Monterey Bay	eukaryote
JD27006C1_0m_2	S58	58	CGTAATTGCCGC	GTACACACCGCCCGTC	TGATCCTTCTGCAGGTTCACCTAC	S58_CGTAATTGCCGC	20170124	environmental	18S	58	JD27006C1_0m_2_S58_L001_R1_001.fastq.gz	JD27006C1_0m_2_S58_L001_R2_001.fastq.gz	27006	1.0	11.0	0.0	C1	PTLO	POINT LOBOS	ship	36.797	-121.84700000000001	14.1549	33.5075	5.8943107139999995	1.206	2.519	5.8423	1.197	78.7438	25.0016	0.4054	2006-09-27 14:36	M2W	Francisco Chavez	MBARI	marine biome  (ENVO:00000447)	coastal water (ENVO:00001250)	waterborne particulate matter (ENVO:01000436)	CTD/SBE911 Rosette with Niskin bottle	MBON	1374ml	0.22um	Poretics	-80C	NGS Illumina Miseq	Stanford	USA:California:Monterey Bay	eukaryote
JD27006C1_0m_3	S59	59	GTTCTCTTCTCG	GTACACACCGCCCGTC	TGATCCTTCTGCAGGTTCACCTAC	S59_GTTCTCTTCTCG	20170124	environmental	18S	59	JD27006C1_0m_3_S59_L001_R1_001.fastq.gz	JD27006C1_0m_3_S59_L001_R2_001.fastq.gz	27006	1.0	11.0	0.0	C1	PTLO	POINT LOBOS	ship	36.797	-121.84700000000001	14.1549	33.5075	5.8943107139999995	1.206	2.519	5.8423	1.197	78.7438	25.0016	0.4054	2006-09-27 14:36	M2W	Francisco Chavez	MBARI	marine biome  (ENVO:00000447)	coastal water (ENVO:00001250)	waterborne particulate matter (ENVO:01000436)	CTD/SBE911 Rosette with Niskin bottle	MBON	1374ml	0.22um	Poretics	-80C	NGS Illumina Miseq	Stanford	USA:California:Monterey Bay	eukaryote
JD33306C1_0m_1	S60	60	AATTGTGTCGGA	GTACACACCGCCCGTC	TGATCCTTCTGCAGGTTCACCTAC	S60_AATTGTGTCGGA	20170124	environmental	18S	60	JD33306C1_0m_1_S60_L001_R1_001.fastq.gz	JD33306C1_0m_1_S60_L001_R2_001.fastq.gz	33306	1.0	11.0	0.0	C1	PTLO	POINT LOBOS	ship	36.796	-121.84700000000001	12.4792	33.4173	7.656246428999999	1.629	5.297999999999999	5.20737	1.617	80.2768	25.2687	0.5808	2006-11-29 15:38	M2W	Francisco Chavez	MBARI	marine biome  (ENVO:00000447)	coastal water (ENVO:00001250)	waterborne particulate matter (ENVO:01000436)	CTD/SBE911 Rosette with Niskin bottle	MBON	1650ml	0.22um	Poretics	-80C	NGS Illumina Miseq	Stanford	USA:California:Monterey Bay	eukaryote
JD33306C1_0m_2	S61	61	GCAACACCATCC	GTACACACCGCCCGTC	TGATCCTTCTGCAGGTTCACCTAC	S61_GCAACACCATCC	20170124	environmental	18S	61	JD33306C1_0m_2_S61_L001_R1_001.fastq.gz	JD33306C1_0m_2_S61_L001_R2_001.fastq.gz	33306	1.0	11.0	0.0	C1	PTLO	POINT LOBOS	ship	36.796	-121.84700000000001	12.4792	33.4173	7.656246428999999	1.629	5.297999999999999	5.20737	1.617	80.2768	25.2687	0.5808	2006-11-29 15:38	M2W	Francisco Chavez	MBARI	marine biome  (ENVO:00000447)	coastal water (ENVO:00001250)	waterborne particulate matter (ENVO:01000436)	CTD/SBE911 Rosette with Niskin bottle	MBON	1650ml	0.22um	Poretics	-80C	NGS Illumina Miseq	Stanford	USA:California:Monterey Bay	eukaryote
JD33306C1_0m_3	S62	62	CACTACGCTAGA	GTACACACCGCCCGTC	TGATCCTTCTGCAGGTTCACCTAC	S62_CACTACGCTAGA	20170124	environmental	18S	62	JD33306C1_0m_3_S62_L001_R1_001.fastq.gz	JD33306C1_0m_3_S62_L001_R2_001.fastq.gz	33306	1.0	11.0	0.0	C1	PTLO	POINT LOBOS	ship	36.796	-121.84700000000001	12.4792	33.4173	7.656246428999999	1.629	5.297999999999999	5.20737	1.617	80.2768	25.2687	0.5808	2006-11-29 15:38	M2W	Francisco Chavez	MBARI	marine biome  (ENVO:00000447)	coastal water (ENVO:00001250)	waterborne particulate matter (ENVO:01000436)	CTD/SBE911 Rosette with Niskin bottle	MBON	1650ml	0.22um	Poretics	-80C	NGS Illumina Miseq	Stanford	USA:California:Monterey Bay	eukaryote
pcrblank2	S63	63	TACTACGTGGCC	GTACACACCGCCCGTC	TGATCCTTCTGCAGGTTCACCTAC	S63_TACTACGTGGCC	20170124	negative	18S	63	pcrblank2_S63_L001_R1_001.fastq.gz	pcrblank2_S63_L001_R2_001.fastq.gz	Nan	Nan	Nan	Nan	Nan	Nan	Nan	Nan	Nan	Nan	Nan	Nan	Nan	Nan	Nan	Nan	Nan	Nan	Nan	Nan	Nan	M2W	Francisco Chavez	MBARI	marine biome  (ENVO:00000447)	coastal water (ENVO:00001250)	waterborne particulate matter (ENVO:01000436)	Nan	MBON	Nan	Nan	Nan	Nan	NGS Illumina Miseq	Stanford	USA:California:Monterey Bay	eukaryote
EB_20161121	S64	64	CGGTCAATTGAC	GTACACACCGCCCGTC	TGATCCTTCTGCAGGTTCACCTAC	S64_CGGTCAATTGAC	20170124	blank	18S	64	EB_20161121_S64_L001_R1_001.fastq.gz	EB_20161121_S64_L001_R2_001.fastq.gz	Nan	Nan	Nan	Nan	Nan	PTLO	Nan	Nan	Nan	Nan	Nan	Nan	Nan	Nan	Nan	Nan	Nan	Nan	Nan	Nan	2016-11-21 00:00	M2W	Francisco Chavez	MBARI	marine biome  (ENVO:00000447)	coastal water (ENVO:00001250)	waterborne particulate matter (ENVO:01000436)	Nan	MBON	Nan	Nan	Nan	Nan	NGS Illumina Miseq	Stanford	USA:California:Monterey Bay	eukaryote
EB_20161228	S65	65	GGTGACTAGTTC	GTACACACCGCCCGTC	TGATCCTTCTGCAGGTTCACCTAC	S65_GGTGACTAGTTC	20170124	blank	18S	65	EB_20161228_S65_L001_R1_001.fastq.gz	EB_20161228_S65_L001_R2_001.fastq.gz	Nan	Nan	Nan	Nan	Nan	PTLO	Nan	Nan	Nan	Nan	Nan	Nan	Nan	Nan	Nan	Nan	Nan	Nan	Nan	Nan	2016-12-28 00:00	M2W	Francisco Chavez	MBARI	marine biome  (ENVO:00000447)	coastal water (ENVO:00001250)	waterborne particulate matter (ENVO:01000436)	Nan	MBON	Nan	Nan	Nan	Nan	NGS Illumina Miseq	Stanford	USA:California:Monterey Bay	eukaryote
EB_20170117	S66	66	CGTAAGATGCCT	GTACACACCGCCCGTC	TGATCCTTCTGCAGGTTCACCTAC	S66_CGTAAGATGCCT	20170124	blank	18S	66	EB_20170117_S66_L001_R1_001.fastq.gz	EB_20170117_S66_L001_R2_001.fastq.gz	Nan	Nan	Nan	Nan	Nan	PTLO	Nan	Nan	Nan	Nan	Nan	Nan	Nan	Nan	Nan	Nan	Nan	Nan	Nan	Nan	2017-01-17 00:00	M2W	Francisco Chavez	MBARI	marine biome  (ENVO:00000447)	coastal water (ENVO:00001250)	waterborne particulate matter (ENVO:01000436)	Nan	MBON	Nan	Nan	Nan	Nan	NGS Illumina Miseq	Stanford	USA:California:Monterey Bay	eukaryote
pcrblank3	S67	67	TACCGCTTCTTC	GTACACACCGCCCGTC	TGATCCTTCTGCAGGTTCACCTAC	S67_TACCGCTTCTTC	20170124	negative	18S	67	pcrblank3_S67_L001_R1_001.fastq.gz	pcrblank3_S67_L001_R2_001.fastq.gz	Nan	Nan	Nan	Nan	Nan	Nan	Nan	Nan	Nan	Nan	Nan	Nan	Nan	Nan	Nan	Nan	Nan	Nan	Nan	Nan	Nan	M2W	Francisco Chavez	MBARI	marine biome  (ENVO:00000447)	coastal water (ENVO:00001250)	waterborne particulate matter (ENVO:01000436)	Nan	MBON	Nan	Nan	Nan	Nan	NGS Illumina Miseq	Stanford	USA:California:Monterey Bay	eukaryote
CB_CANON160925_1	S68	68	TGCATACACTGG	GTACACACCGCCCGTC	TGATCCTTCTGCAGGTTCACCTAC	S68_TGCATACACTGG	20170124	blank	18S	68	CB_CANON160925_1_S68_L001_R1_001.fastq.gz	CB_CANON160925_1_S68_L001_R2_001.fastq.gz	Nan	Nan	Nan	Nan	Nan	CANON	Nan	Nan	Nan	Nan	Nan	Nan	Nan	Nan	Nan	Nan	Nan	Nan	Nan	Nan	2016-09-25 00:00	M2W	Francisco Chavez	MBARI	marine biome  (ENVO:00000447)	coastal water (ENVO:00001250)	waterborne particulate matter (ENVO:01000436)	Nan	MBON	1000ml	0.22um	Poretics	Nan	NGS Illumina Miseq	Stanford	USA:California:Monterey Bay	eukaryote
CB_CANON160925_2	S69	69	AACTAGTTCAGG	GTACACACCGCCCGTC	TGATCCTTCTGCAGGTTCACCTAC	S69_AACTAGTTCAGG	20170124	blank	18S	69	CB_CANON160925_2_S69_L001_R1_001.fastq.gz	CB_CANON160925_2_S69_L001_R2_001.fastq.gz	Nan	Nan	Nan	Nan	Nan	CANON	Nan	Nan	Nan	Nan	Nan	Nan	Nan	Nan	Nan	Nan	Nan	Nan	Nan	Nan	2016-09-25 00:00	M2W	Francisco Chavez	MBARI	marine biome  (ENVO:00000447)	coastal water (ENVO:00001250)	waterborne particulate matter (ENVO:01000436)	Nan	MBON	1000ml	0.22um	Poretics	Nan	NGS Illumina Miseq	Stanford	USA:California:Monterey Bay	eukaryote
CB_CANON160925_3	S70	70	TGCATACACTGG	GTACACACCGCCCGTC	TGATCCTTCTGCAGGTTCACCTAC	S70_TGCATACACTGG	20170124	blank	18S	70	CB_CANON160925_3_S70_L001_R1_001.fastq.gz	CB_CANON160925_3_S70_L001_R2_001.fastq.gz	Nan	Nan	Nan	Nan	Nan	CANON	Nan	Nan	Nan	Nan	Nan	Nan	Nan	Nan	Nan	Nan	Nan	Nan	Nan	Nan	2016-09-25 00:00	M2W	Francisco Chavez	MBARI	marine biome  (ENVO:00000447)	coastal water (ENVO:00001250)	waterborne particulate matter (ENVO:01000436)	Nan	MBON	1000ml	0.22um	Poretics	Nan	NGS Illumina Miseq	Stanford	USA:California:Monterey Bay	eukaryote
ArtComm2	S72	71	AACTAGTTCAGG	GTACACACCGCCCGTC	TGATCCTTCTGCAGGTTCACCTAC	S72_AACTAGTTCAGG	20170124	positive	18S	72	ArtComm2_S72_L001_R1_001.fastq.gz	ArtComm2_S72_L001_R2_001.fastq.gz	Nan	Nan	Nan	Nan	Nan	Nan	Nan	Nan	Nan	Nan	Nan	Nan	Nan	Nan	Nan	Nan	Nan	Nan	Nan	Nan	Nan	M2W	Francisco Chavez	MBARI	marine biome  (ENVO:00000447)	coastal water (ENVO:00001250)	waterborne particulate matter (ENVO:01000436)	Nan	MBON	Nan	Nan	Nan	Nan	NGS Illumina Miseq	Stanford	USA:California:Monterey Bay	eukaryote
